,Metropolitan Areas,GDP 2017
0,"Abilene, TX","6,749"
1,"Akron, OH","32,386"
2,"Albany, GA","4,664"
3,"Albany, OR","3,630"
4,"Albany-Schenectady-Troy, NY","46,524"
5,"Albuquerque, NM","38,523"
6,"Alexandria, LA","5,129"
7,"Allentown-Bethlehem-Easton, PA-NJ","38,613"
8,"Altoona, PA","4,690"
9,"Amarillo, TX","12,238"
10,"Ames, IA","4,461"
11,"Anchorage, AK","24,682"
12,"Ann Arbor, MI","20,545"
13,"Anniston-Oxford-Jacksonville, AL","3,419"
14,"Appleton, WI","11,412"
15,"Asheville, NC","17,329"
16,"Athens-Clarke County, GA","8,482"
17,"Atlanta-Sandy Springs-Roswell, GA","334,488"
18,"Atlantic City-Hammonton, NJ","11,233"
19,"Auburn-Opelika, AL","4,715"
20,"Augusta-Richmond County, GA-SC","20,911"
21,"Austin-Round Rock, TX","135,072"
22,"Bakersfield, CA","33,594"
23,"Baltimore-Columbia-Towson, MD","165,903"
24,"Bangor, ME","5,252"
25,"Barnstable Town, MA","9,837"
26,"Baton Rouge, LA","45,015"
27,"Battle Creek, MI","5,354"
28,"Bay City, MI","2,851"
29,"Beaumont-Port Arthur, TX","20,143"
30,"Beckley, WV","3,957"
31,"Bellingham, WA","9,276"
32,"Bend-Redmond, OR","8,780"
33,"Billings, MT","8,563"
34,"Binghamton, NY","8,524"
35,"Birmingham-Hoover, AL","55,927"
36,"Bismarck, ND","6,921"
37,"Blacksburg-Christiansburg-Radford, VA","6,134"
38,"Bloomington, IL","10,924"
39,"Bloomington, IN","6,355"
40,"Bloomsburg-Berwick, PA","3,566"
41,"Boise City, ID","29,425"
42,"Boston-Cambridge-Newton, MA-NH","379,499"
43,"Boulder, CO","22,601"
44,"Bowling Green, KY","6,283"
45,"Bremerton-Silverdale, WA","9,867"
46,"Bridgeport-Stamford-Norwalk, CT","82,721"
47,"Brownsville-Harlingen, TX","8,777"
48,"Brunswick, GA","3,422"
49,"Buffalo-Cheektowaga-Niagara Falls, NY","50,980"
50,"Burlington, NC","4,723"
51,"Burlington-South Burlington, VT","12,368"
52,"California-Lexington Park, MD","5,585"
53,"Canton-Massillon, OH","14,901"
54,"Cape Coral-Fort Myers, FL","24,234"
55,"Cape Girardeau, MO-IL","3,736"
56,"Carbondale-Marion, IL","4,584"
57,"Carson City, NV","3,020"
58,"Casper, WY","5,426"
59,"Cedar Rapids, IA","16,448"
60,"Chambersburg-Waynesboro, PA","4,805"
61,"Champaign-Urbana, IL","10,500"
62,"Charleston, WV","11,143"
63,"Charleston-North Charleston, SC","36,074"
64,"Charlotte-Concord-Gastonia, NC-SC","146,630"
65,"Charlottesville, VA","11,510"
66,"Chattanooga, TN-GA","23,425"
67,"Cheyenne, WY","4,820"
68,"Chicago-Naperville-Elgin, IL-IN-WI","583,137"
69,"Chico, CA","6,996"
70,"Cincinnati, OH-KY-IN","119,223"
71,"Clarksville, TN-KY","9,623"
72,"Cleveland, TN","3,752"
73,"Cleveland-Elyria, OH","120,380"
74,"Coeur d'Alene, ID","5,128"
75,"College Station-Bryan, TX","8,972"
76,"Colorado Springs, CO","28,886"
77,"Columbia, MO","7,963"
78,"Columbia, SC","35,421"
79,"Columbus, GA-AL","11,596"
80,"Columbus, IN","5,236"
81,"Columbus, OH","117,250"
82,"Corpus Christi, TX","18,738"
83,"Corvallis, OR","4,375"
84,"Crestview-Fort Walton Beach-Destin, FL","12,525"
85,"Cumberland, MD-WV","2,824"
86,"Dallas-Fort Worth-Arlington, TX","479,678"
87,"Dalton, GA","5,870"
88,"Danville, IL","2,501"
89,"Daphne-Fairhope-Foley, AL","6,302"
90,"Davenport-Moline-Rock Island, IA-IL","17,440"
91,"Dayton, OH","35,397"
92,"Decatur, AL","4,654"
93,"Decatur, IL","5,315"
94,"Deltona-Daytona Beach-Ormond Beach, FL","14,888"
95,"Denver-Aurora-Lakewood, CO","185,942"
96,"Des Moines-West Des Moines, IA","49,031"
97,"Detroit-Warren-Dearborn, MI","228,069"
98,"Dothan, AL","4,635"
99,"Dover, DE","6,264"
100,"Dubuque, IA","5,304"
101,"Duluth, MN-WI","11,564"
102,"Durham-Chapel Hill, NC","37,278"
103,"East Stroudsburg, PA","5,311"
104,"Eau Claire, WI","7,486"
105,"El Centro, CA","5,137"
106,"Elizabethtown-Fort Knox, KY","5,444"
107,"Elkhart-Goshen, IN","15,200"
108,"Elmira, NY","2,913"
109,"El Paso, TX","25,332"
110,"Enid, OK","2,986"
111,"Erie, PA","9,678"
112,"Eugene, OR","13,643"
113,"Evansville, IN-KY","15,326"
114,"Fairbanks, AK","4,736"
115,"Fargo, ND-MN","14,015"
116,"Farmington, NM","6,134"
117,"Fayetteville, NC","14,992"
118,"Fayetteville-Springdale-Rogers, AR-MO","25,341"
119,"Flagstaff, AZ","5,017"
120,"Flint, MI","11,955"
121,"Florence, SC","7,432"
122,"Florence-Muscle Shoals, AL","4,346"
123,"Fond du Lac, WI","4,388"
124,"Fort Collins, CO","15,073"
125,"Fort Smith, AR-OK","8,914"
126,"Fort Wayne, IN","19,786"
127,"Fresno, CA","35,866"
128,"Gadsden, AL","2,606"
129,"Gainesville, FL","11,112"
130,"Gainesville, GA","8,253"
131,"Gettysburg, PA","2,999"
132,"Glens Falls, NY","4,437"
133,"Goldsboro, NC","3,908"
134,"Grand Forks, ND-MN","4,915"
135,"Grand Island, NE","3,850"
136,"Grand Junction, CO","4,842"
137,"Grand Rapids-Wyoming, MI","52,734"
138,"Grants Pass, OR","2,167"
139,"Great Falls, MT","3,026"
140,"Greeley, CO","10,987"
141,"Green Bay, WI","17,091"
142,"Greensboro-High Point, NC","35,596"
143,"Greenville, NC","6,890"
144,"Greenville-Anderson-Mauldin, SC","36,527"
145,"Gulfport-Biloxi-Pascagoula, MS","15,037"
146,"Hagerstown-Martinsburg, MD-WV","8,732"
147,"Hammond, LA","3,464"
148,"Hanford-Corcoran, CA","4,469"
149,"Harrisburg-Carlisle, PA","32,491"
150,"Harrisonburg, VA","6,975"
151,"Hartford-West Hartford-East Hartford, CT","79,244"
152,"Hattiesburg, MS","5,334"
153,"Hickory-Lenoir-Morganton, NC","12,488"
154,"Hilton Head Island-Bluffton-Beaufort, SC","7,890"
155,"Hinesville, GA","2,993"
156,"Homosassa Springs, FL","2,757"
157,"Hot Springs, AR","2,789"
158,"Houma-Thibodaux, LA","7,972"
159,"Houston-The Woodlands-Sugar Land, TX","436,369"
160,"Huntington-Ashland, WV-KY-OH","13,229"
161,"Huntsville, AL","22,677"
162,"Idaho Falls, ID","6,094"
163,"Indianapolis-Carmel-Anderson, IN","122,608"
164,"Iowa City, IA","8,934"
165,"Ithaca, NY","4,391"
166,"Jackson, MI","5,548"
167,"Jackson, MS","26,268"
168,"Jackson, TN","5,629"
169,"Jacksonville, FL","65,830"
170,"Jacksonville, NC","7,385"
171,"Janesville-Beloit, WI","5,737"
172,"Jefferson City, MO","6,359"
173,"Johnson City, TN","6,092"
174,"Johnstown, PA","3,690"
175,"Jonesboro, AR","4,521"
176,"Joplin, MO","6,486"
177,"Kahului-Wailuku-Lahaina, HI","7,938"
178,"Kalamazoo-Portage, MI","14,630"
179,"Kankakee, IL","3,840"
180,"Kansas City, MO-KS","114,418"
181,"Kennewick-Richland, WA","11,894"
182,"Killeen-Temple, TX","15,411"
183,"Kingsport-Bristol-Bristol, TN-VA","10,101"
184,"Kingston, NY","5,318"
185,"Knoxville, TN","36,179"
186,"Kokomo, IN","4,101"
187,"La Crosse-Onalaska, WI-MN","6,510"
188,"Lafayette, LA","19,285"
189,"Lafayette-West Lafayette, IN","8,945"
190,"Lake Charles, LA","13,614"
191,"Lake Havasu City-Kingman, AZ","3,759"
192,"Lakeland-Winter Haven, FL","18,297"
193,"Lancaster, PA","25,170"
194,"Lansing-East Lansing, MI","19,548"
195,"Laredo, TX","7,090"
196,"Las Cruces, NM","6,171"
197,"Las Vegas-Henderson-Paradise, NV","96,062"
198,"Lawrence, KS","3,959"
199,"Lawton, OK","4,497"
200,"Lebanon, PA","4,474"
201,"Lewiston, ID-WA","2,146"
202,"Lewiston-Auburn, ME","3,621"
203,"Lexington-Fayette, KY","26,079"
204,"Lima, OH","4,695"
205,"Lincoln, NE","17,300"
206,"Little Rock-North Little Rock-Conway, AR","34,241"
207,"Logan, UT-ID","4,411"
208,"Longview, TX","9,137"
209,"Longview, WA","3,761"
210,"Los Angeles-Long Beach-Anaheim, CA","904,899"
211,"Louisville/Jefferson County, KY-IN","65,700"
212,"Lubbock, TX","12,038"
213,"Lynchburg, VA","8,547"
214,"Macon, GA","8,457"
215,"Madera, CA","4,956"
216,"Madison, WI","43,597"
217,"Manchester-Nashua, NH","25,103"
218,"Manhattan, KS","3,308"
219,"Mankato-North Mankato, MN","4,714"
220,"Mansfield, OH","3,914"
221,"McAllen-Edinburg-Mission, TX","17,652"
222,"Medford, OR","7,412"
223,"Memphis, TN-MS-AR","62,059"
224,"Merced, CA","7,590"
225,"Miami-Fort Lauderdale-West Palm Beach, FL","296,486"
226,"Michigan City-La Porte, IN","3,443"
227,"Midland, MI","5,408"
228,"Midland, TX","29,825"
229,"Milwaukee-Waukesha-West Allis, WI","91,962"
230,"Minneapolis-St. Paul-Bloomington, MN-WI","226,152"
231,"Missoula, MT","4,807"
232,"Mobile, AL","16,803"
233,"Modesto, CA","17,954"
234,"Monroe, LA","6,936"
235,"Monroe, MI","4,479"
236,"Montgomery, AL","15,179"
237,"Morgantown, WV","6,903"
238,"Morristown, TN","3,828"
239,"Mount Vernon-Anacortes, WA","5,244"
240,"Muncie, IN","3,425"
241,"Muskegon, MI","5,196"
242,"Myrtle Beach-Conway-North Myrtle Beach, SC-NC","14,844"
243,"Napa, CA","9,750"
244,"Naples-Immokalee-Marco Island, FL","15,608"
245,"Nashville-Davidson--Murfreesboro--Franklin, TN","115,716"
246,"New Bern, NC","4,301"
247,"New Haven-Milford, CT","39,442"
248,"New Orleans-Metairie, LA","67,023"
249,"New York-Newark-Jersey City, NY-NJ-PA","1,444,484"
250,"Niles-Benton Harbor, MI","5,952"
251,"North Port-Sarasota-Bradenton, FL","27,015"
252,"Norwich-New London, CT","13,643"
253,"Ocala, FL","7,503"
254,"Ocean City, NJ","4,481"
255,"Odessa, TX","9,061"
256,"Ogden-Clearfield, UT","22,326"
257,"Oklahoma City, OK","67,714"
258,"Olympia-Tumwater, WA","10,653"
259,"Omaha-Council Bluffs, NE-IA","56,229"
260,"Orlando-Kissimmee-Sanford, FL","114,969"
261,"Oshkosh-Neenah, WI","9,245"
262,"Owensboro, KY","4,849"
263,"Oxnard-Thousand Oaks-Ventura, CA","43,400"
264,"Palm Bay-Melbourne-Titusville, FL","19,480"
265,"Panama City, FL","7,273"
266,"Parkersburg-Vienna, WV","3,823"
267,"Pensacola-Ferry Pass-Brent, FL","15,495"
268,"Peoria, IL","16,364"
269,"Philadelphia-Camden-Wilmington, PA-NJ-DE-MD","387,217"
270,"Phoenix-Mesa-Scottsdale, AZ","210,968"
271,"Pine Bluff, AR","2,663"
272,"Pittsburgh, PA","131,222"
273,"Pittsfield, MA","6,024"
274,"Pocatello, ID","2,437"
275,"Portland-South Portland, ME","27,812"
276,"Portland-Vancouver-Hillsboro, OR-WA","156,553"
277,"Port St. Lucie, FL","12,114"
278,"Prescott, AZ","5,300"
279,"Providence-Warwick, RI-MA","71,739"
280,"Provo-Orem, UT","22,183"
281,"Pueblo, CO","4,534"
282,"Punta Gorda, FL","3,719"
283,"Racine, WI","6,791"
284,"Raleigh, NC","72,626"
285,"Rapid City, SD","5,833"
286,"Reading, PA","16,375"
287,"Redding, CA","6,046"
288,"Reno, NV","23,060"
289,"Richmond, VA","70,677"
290,"Riverside-San Bernardino-Ontario, CA","135,986"
291,"Roanoke, VA","13,263"
292,"Rochester, MN","11,200"
293,"Rochester, NY","48,504"
294,"Rockford, IL","13,235"
295,"Rocky Mount, NC","4,962"
296,"Rome, GA","3,426"
297,"Sacramento--Roseville--Arden-Arcade, CA","108,732"
298,"Saginaw, MI","7,117"
299,"St. Cloud, MN","8,825"
300,"St. George, UT","4,705"
301,"St. Joseph, MO-KS","4,772"
302,"St. Louis, MO-IL","139,509"
303,"Salem, OR","14,863"
304,"Salinas, CA","20,735"
305,"Salisbury, MD-DE","17,087"
306,"Salt Lake City, UT","74,363"
307,"San Angelo, TX","4,675"
308,"San Antonio-New Braunfels, TX","118,241"
309,"San Diego-Carlsbad, CA","201,986"
310,"San Francisco-Oakland-Hayward, CA","425,358"
311,"San Jose-Sunnyvale-Santa Clara, CA","256,419"
312,"San Luis Obispo-Paso Robles-Arroyo Grande, CA","13,010"
313,"Santa Cruz-Watsonville, CA","11,481"
314,"Santa Fe, NM","6,223"
315,"Santa Maria-Santa Barbara, CA","22,938"
316,"Santa Rosa, CA","24,985"
317,"Savannah, GA","15,652"
318,"Scranton--Wilkes-Barre--Hazleton, PA","20,782"
319,"Seattle-Tacoma-Bellevue, WA","312,587"
320,"Sebastian-Vero Beach, FL","4,709"
321,"Sebring, FL","1,810"
322,"Sheboygan, WI","5,878"
323,"Sherman-Denison, TX","3,933"
324,"Shreveport-Bossier City, LA","20,198"
325,"Sierra Vista-Douglas, AZ","3,511"
326,"Sioux City, IA-NE-SD","8,454"
327,"Sioux Falls, SD","16,016"
328,"South Bend-Mishawaka, IN-MI","12,231"
329,"Spartanburg, SC","13,794"
330,"Spokane-Spokane Valley, WA","21,999"
331,"Springfield, IL","8,812"
332,"Springfield, MA","24,050"
333,"Springfield, MO","16,863"
334,"Springfield, OH","3,914"
335,"State College, PA","8,091"
336,"Staunton-Waynesboro, VA","4,449"
337,"Stockton-Lodi, CA","23,556"
338,"Sumter, SC","3,367"
339,"Syracuse, NY","29,234"
340,"Tallahassee, FL","13,834"
341,"Tampa-St. Petersburg-Clearwater, FL","127,432"
342,"Terre Haute, IN","5,626"
343,"Texarkana, TX-AR","4,641"
344,"The Villages, FL","2,416"
345,"Toledo, OH","28,300"
346,"Topeka, KS","9,205"
347,"Trenton, NJ","25,759"
348,"Tucson, AZ","33,841"
349,"Tulsa, OK","54,921"
350,"Tuscaloosa, AL","10,198"
351,"Twin Falls, ID","3,669"
352,"Tyler, TX","14,594"
353,"Urban Honolulu, HI","57,861"
354,"Utica-Rome, NY","9,537"
355,"Valdosta, GA","4,378"
356,"Vallejo-Fairfield, CA","17,818"
357,"Victoria, TX","4,545"
358,"Vineland-Bridgeton, NJ","4,988"
359,"Virginia Beach-Norfolk-Newport News, VA-NC","81,821"
360,"Visalia-Porterville, CA","13,582"
361,"Waco, TX","10,676"
362,"Walla Walla, WA","2,481"
363,"Warner Robins, GA","6,106"
364,"Washington-Arlington-Alexandria, DC-VA-MD-WV","460,026"
365,"Waterloo-Cedar Falls, IA","8,609"
366,"Watertown-Fort Drum, NY","5,172"
367,"Wausau, WI","7,119"
368,"Weirton-Steubenville, WV-OH","3,703"
369,"Wenatchee, WA","4,563"
370,"Wheeling, WV-OH","7,130"
371,"Wichita, KS","29,610"
372,"Wichita Falls, TX","6,483"
373,"Williamsport, PA","4,386"
374,"Wilmington, NC","12,203"
375,"Winchester, VA-WV","5,833"
376,"Winston-Salem, NC","25,263"
377,"Worcester, MA-CT","38,197"
378,"Yakima, WA","8,420"
379,"York-Hanover, PA","16,900"
380,"Youngstown-Warren-Boardman, OH-PA","17,258"
381,"Yuba City, CA","5,105"
382,"Yuma, AZ","6,175"
